Device,Model,MaxNumSeqs,MaxNumBatchedTokens,TensorParallelSize,MaxModelLen,Dataset,InputLen,OutputLen,ExpectedETEL,NumPrompts,ModelTag,PrefixLen,AdditionalConfig,ExtraArgs
tpu7x-2,Qwen/Qwen3-32B,128,512,2,2048,random,1024,1024,10800000,320,NEW,0,'{"quantization": { "qwix": { "rules": [{ "module_path": ".*", "weight_qtype": "float8_e4m3fn", "act_qtype": "float8_e4m3fn"}]}}}',--kv-cache-dtype=fp8 --gpu-memory-utilization=0.98 --random-range-ratio 0.8 --max-concurrency 320
tpu7x-2,Qwen/Qwen3-32B,192,512,2,2048,random,1024,1024,10800000,320,NEW,0,'{"quantization": { "qwix": { "rules": [{ "module_path": ".*", "weight_qtype": "float8_e4m3fn", "act_qtype": "float8_e4m3fn"}]}}}',--kv-cache-dtype=fp8 --gpu-memory-utilization=0.98 --random-range-ratio 0.8 --max-concurrency 320
tpu7x-2,Qwen/Qwen3-32B,256,512,2,2048,random,1024,1024,10800000,320,NEW,0,'{"quantization": { "qwix": { "rules": [{ "module_path": ".*", "weight_qtype": "float8_e4m3fn", "act_qtype": "float8_e4m3fn"}]}}}',--kv-cache-dtype=fp8 --gpu-memory-utilization=0.98 --random-range-ratio 0.8 --max-concurrency 320
tpu7x-2,Qwen/Qwen3-32B,320,512,2,2048,random,1024,1024,10800000,320,NEW,0,'{"quantization": { "qwix": { "rules": [{ "module_path": ".*", "weight_qtype": "float8_e4m3fn", "act_qtype": "float8_e4m3fn"}]}}}',--kv-cache-dtype=fp8 --gpu-memory-utilization=0.98 --random-range-ratio 0.8 --max-concurrency 320
tpu7x-2,Qwen/Qwen3-32B,512,512,2,2048,random,1024,1024,10800000,320,NEW,0,'{"quantization": { "qwix": { "rules": [{ "module_path": ".*", "weight_qtype": "float8_e4m3fn", "act_qtype": "float8_e4m3fn"}]}}}',--kv-cache-dtype=fp8 --gpu-memory-utilization=0.98 --random-range-ratio 0.8 --max-concurrency 320
tpu7x-2,Qwen/Qwen3-32B,128,1024,2,2048,random,1024,1024,10800000,320,NEW,0,'{"quantization": { "qwix": { "rules": [{ "module_path": ".*", "weight_qtype": "float8_e4m3fn", "act_qtype": "float8_e4m3fn"}]}}}',--kv-cache-dtype=fp8 --gpu-memory-utilization=0.98 --random-range-ratio 0.8 --max-concurrency 320
tpu7x-2,Qwen/Qwen3-32B,192,1024,2,2048,random,1024,1024,10800000,320,NEW,0,'{"quantization": { "qwix": { "rules": [{ "module_path": ".*", "weight_qtype": "float8_e4m3fn", "act_qtype": "float8_e4m3fn"}]}}}',--kv-cache-dtype=fp8 --gpu-memory-utilization=0.98 --random-range-ratio 0.8 --max-concurrency 320
tpu7x-2,Qwen/Qwen3-32B,256,1024,2,2048,random,1024,1024,10800000,320,NEW,0,'{"quantization": { "qwix": { "rules": [{ "module_path": ".*", "weight_qtype": "float8_e4m3fn", "act_qtype": "float8_e4m3fn"}]}}}',--kv-cache-dtype=fp8 --gpu-memory-utilization=0.98 --random-range-ratio 0.8 --max-concurrency 320
tpu7x-2,Qwen/Qwen3-32B,320,1024,2,2048,random,1024,1024,10800000,320,NEW,0,'{"quantization": { "qwix": { "rules": [{ "module_path": ".*", "weight_qtype": "float8_e4m3fn", "act_qtype": "float8_e4m3fn"}]}}}',--kv-cache-dtype=fp8 --gpu-memory-utilization=0.98 --random-range-ratio 0.8 --max-concurrency 320
tpu7x-2,Qwen/Qwen3-32B,512,1024,2,2048,random,1024,1024,10800000,320,NEW,0,'{"quantization": { "qwix": { "rules": [{ "module_path": ".*", "weight_qtype": "float8_e4m3fn", "act_qtype": "float8_e4m3fn"}]}}}',--kv-cache-dtype=fp8 --gpu-memory-utilization=0.98 --random-range-ratio 0.8 --max-concurrency 320
tpu7x-2,Qwen/Qwen3-32B,128,2048,2,2048,random,1024,1024,10800000,320,NEW,0,'{"quantization": { "qwix": { "rules": [{ "module_path": ".*", "weight_qtype": "float8_e4m3fn", "act_qtype": "float8_e4m3fn"}]}}}',--kv-cache-dtype=fp8 --gpu-memory-utilization=0.98 --random-range-ratio 0.8 --max-concurrency 320
tpu7x-2,Qwen/Qwen3-32B,192,2048,2,2048,random,1024,1024,10800000,320,NEW,0,'{"quantization": { "qwix": { "rules": [{ "module_path": ".*", "weight_qtype": "float8_e4m3fn", "act_qtype": "float8_e4m3fn"}]}}}',--kv-cache-dtype=fp8 --gpu-memory-utilization=0.98 --random-range-ratio 0.8 --max-concurrency 320
tpu7x-2,Qwen/Qwen3-32B,256,2048,2,2048,random,1024,1024,10800000,320,NEW,0,'{"quantization": { "qwix": { "rules": [{ "module_path": ".*", "weight_qtype": "float8_e4m3fn", "act_qtype": "float8_e4m3fn"}]}}}',--kv-cache-dtype=fp8 --gpu-memory-utilization=0.98 --random-range-ratio 0.8 --max-concurrency 320
tpu7x-2,Qwen/Qwen3-32B,320,2048,2,2048,random,1024,1024,10800000,320,NEW,0,'{"quantization": { "qwix": { "rules": [{ "module_path": ".*", "weight_qtype": "float8_e4m3fn", "act_qtype": "float8_e4m3fn"}]}}}',--kv-cache-dtype=fp8 --gpu-memory-utilization=0.98 --random-range-ratio 0.8 --max-concurrency 320
tpu7x-2,Qwen/Qwen3-32B,512,2048,2,2048,random,1024,1024,10800000,320,NEW,0,'{"quantization": { "qwix": { "rules": [{ "module_path": ".*", "weight_qtype": "float8_e4m3fn", "act_qtype": "float8_e4m3fn"}]}}}',--kv-cache-dtype=fp8 --gpu-memory-utilization=0.98 --random-range-ratio 0.8 --max-concurrency 320
tpu7x-2,Qwen/Qwen3-32B,128,4096,2,2048,random,1024,1024,10800000,320,NEW,0,'{"quantization": { "qwix": { "rules": [{ "module_path": ".*", "weight_qtype": "float8_e4m3fn", "act_qtype": "float8_e4m3fn"}]}}}',--kv-cache-dtype=fp8 --gpu-memory-utilization=0.98 --random-range-ratio 0.8 --max-concurrency 320
tpu7x-2,Qwen/Qwen3-32B,192,4096,2,2048,random,1024,1024,10800000,320,NEW,0,'{"quantization": { "qwix": { "rules": [{ "module_path": ".*", "weight_qtype": "float8_e4m3fn", "act_qtype": "float8_e4m3fn"}]}}}',--kv-cache-dtype=fp8 --gpu-memory-utilization=0.98 --random-range-ratio 0.8 --max-concurrency 320
tpu7x-2,Qwen/Qwen3-32B,256,4096,2,2048,random,1024,1024,10800000,320,NEW,0,'{"quantization": { "qwix": { "rules": [{ "module_path": ".*", "weight_qtype": "float8_e4m3fn", "act_qtype": "float8_e4m3fn"}]}}}',--kv-cache-dtype=fp8 --gpu-memory-utilization=0.98 --random-range-ratio 0.8 --max-concurrency 320
tpu7x-2,Qwen/Qwen3-32B,320,4096,2,2048,random,1024,1024,10800000,320,NEW,0,'{"quantization": { "qwix": { "rules": [{ "module_path": ".*", "weight_qtype": "float8_e4m3fn", "act_qtype": "float8_e4m3fn"}]}}}',--kv-cache-dtype=fp8 --gpu-memory-utilization=0.98 --random-range-ratio 0.8 --max-concurrency 320
tpu7x-2,Qwen/Qwen3-32B,512,4096,2,2048,random,1024,1024,10800000,320,NEW,0,'{"quantization": { "qwix": { "rules": [{ "module_path": ".*", "weight_qtype": "float8_e4m3fn", "act_qtype": "float8_e4m3fn"}]}}}',--kv-cache-dtype=fp8 --gpu-memory-utilization=0.98 --random-range-ratio 0.8 --max-concurrency 320
tpu7x-2,Qwen/Qwen3-32B,128,8192,2,2048,random,1024,1024,10800000,320,NEW,0,'{"quantization": { "qwix": { "rules": [{ "module_path": ".*", "weight_qtype": "float8_e4m3fn", "act_qtype": "float8_e4m3fn"}]}}}',--kv-cache-dtype=fp8 --gpu-memory-utilization=0.98 --random-range-ratio 0.8 --max-concurrency 320
tpu7x-2,Qwen/Qwen3-32B,192,8192,2,2048,random,1024,1024,10800000,320,NEW,0,'{"quantization": { "qwix": { "rules": [{ "module_path": ".*", "weight_qtype": "float8_e4m3fn", "act_qtype": "float8_e4m3fn"}]}}}',--kv-cache-dtype=fp8 --gpu-memory-utilization=0.98 --random-range-ratio 0.8 --max-concurrency 320
tpu7x-2,Qwen/Qwen3-32B,256,8192,2,2048,random,1024,1024,10800000,320,NEW,0,'{"quantization": { "qwix": { "rules": [{ "module_path": ".*", "weight_qtype": "float8_e4m3fn", "act_qtype": "float8_e4m3fn"}]}}}',--kv-cache-dtype=fp8 --gpu-memory-utilization=0.98 --random-range-ratio 0.8 --max-concurrency 320
tpu7x-2,Qwen/Qwen3-32B,320,8192,2,2048,random,1024,1024,10800000,320,NEW,0,'{"quantization": { "qwix": { "rules": [{ "module_path": ".*", "weight_qtype": "float8_e4m3fn", "act_qtype": "float8_e4m3fn"}]}}}',--kv-cache-dtype=fp8 --gpu-memory-utilization=0.98 --random-range-ratio 0.8 --max-concurrency 320
tpu7x-2,Qwen/Qwen3-32B,512,8192,2,2048,random,1024,1024,10800000,320,NEW,0,'{"quantization": { "qwix": { "rules": [{ "module_path": ".*", "weight_qtype": "float8_e4m3fn", "act_qtype": "float8_e4m3fn"}]}}}',--kv-cache-dtype=fp8 --gpu-memory-utilization=0.98 --random-range-ratio 0.8 --max-concurrency 320
tpu7x-2,Qwen/Qwen3-32B,128,16384,2,2048,random,1024,1024,10800000,320,NEW,0,'{"quantization": { "qwix": { "rules": [{ "module_path": ".*", "weight_qtype": "float8_e4m3fn", "act_qtype": "float8_e4m3fn"}]}}}',--kv-cache-dtype=fp8 --gpu-memory-utilization=0.98 --random-range-ratio 0.8 --max-concurrency 320
tpu7x-2,Qwen/Qwen3-32B,192,16384,2,2048,random,1024,1024,10800000,320,NEW,0,'{"quantization": { "qwix": { "rules": [{ "module_path": ".*", "weight_qtype": "float8_e4m3fn", "act_qtype": "float8_e4m3fn"}]}}}',--kv-cache-dtype=fp8 --gpu-memory-utilization=0.98 --random-range-ratio 0.8 --max-concurrency 320
tpu7x-2,Qwen/Qwen3-32B,256,16384,2,2048,random,1024,1024,10800000,320,NEW,0,'{"quantization": { "qwix": { "rules": [{ "module_path": ".*", "weight_qtype": "float8_e4m3fn", "act_qtype": "float8_e4m3fn"}]}}}',--kv-cache-dtype=fp8 --gpu-memory-utilization=0.98 --random-range-ratio 0.8 --max-concurrency 320
tpu7x-2,Qwen/Qwen3-32B,320,16384,2,2048,random,1024,1024,10800000,320,NEW,0,'{"quantization": { "qwix": { "rules": [{ "module_path": ".*", "weight_qtype": "float8_e4m3fn", "act_qtype": "float8_e4m3fn"}]}}}',--kv-cache-dtype=fp8 --gpu-memory-utilization=0.98 --random-range-ratio 0.8 --max-concurrency 320
tpu7x-2,Qwen/Qwen3-32B,512,16384,2,2048,random,1024,1024,10800000,320,NEW,0,'{"quantization": { "qwix": { "rules": [{ "module_path": ".*", "weight_qtype": "float8_e4m3fn", "act_qtype": "float8_e4m3fn"}]}}}',--kv-cache-dtype=fp8 --gpu-memory-utilization=0.98 --random-range-ratio 0.8 --max-concurrency 320
tpu7x-2,Qwen/Qwen3-32B,64,512,2,9216,random,1024,8192,10800000,320,NEW,0,'{"quantization": { "qwix": { "rules": [{ "module_path": ".*", "weight_qtype": "float8_e4m3fn", "act_qtype": "float8_e4m3fn"}]}}}',--kv-cache-dtype=fp8 --gpu-memory-utilization=0.98 --random-range-ratio 0.8 --max-concurrency 320
tpu7x-2,Qwen/Qwen3-32B,128,512,2,9216,random,1024,8192,10800000,320,NEW,0,'{"quantization": { "qwix": { "rules": [{ "module_path": ".*", "weight_qtype": "float8_e4m3fn", "act_qtype": "float8_e4m3fn"}]}}}',--kv-cache-dtype=fp8 --gpu-memory-utilization=0.98 --random-range-ratio 0.8 --max-concurrency 320
tpu7x-2,Qwen/Qwen3-32B,135,512,2,9216,random,1024,8192,10800000,320,NEW,0,'{"quantization": { "qwix": { "rules": [{ "module_path": ".*", "weight_qtype": "float8_e4m3fn", "act_qtype": "float8_e4m3fn"}]}}}',--kv-cache-dtype=fp8 --gpu-memory-utilization=0.98 --random-range-ratio 0.8 --max-concurrency 320
tpu7x-2,Qwen/Qwen3-32B,192,512,2,9216,random,1024,8192,10800000,320,NEW,0,'{"quantization": { "qwix": { "rules": [{ "module_path": ".*", "weight_qtype": "float8_e4m3fn", "act_qtype": "float8_e4m3fn"}]}}}',--kv-cache-dtype=fp8 --gpu-memory-utilization=0.98 --random-range-ratio 0.8 --max-concurrency 320
tpu7x-2,Qwen/Qwen3-32B,256,512,2,9216,random,1024,8192,10800000,320,NEW,0,'{"quantization": { "qwix": { "rules": [{ "module_path": ".*", "weight_qtype": "float8_e4m3fn", "act_qtype": "float8_e4m3fn"}]}}}',--kv-cache-dtype=fp8 --gpu-memory-utilization=0.98 --random-range-ratio 0.8 --max-concurrency 320
tpu7x-2,Qwen/Qwen3-32B,64,1024,2,9216,random,1024,8192,10800000,320,NEW,0,'{"quantization": { "qwix": { "rules": [{ "module_path": ".*", "weight_qtype": "float8_e4m3fn", "act_qtype": "float8_e4m3fn"}]}}}',--kv-cache-dtype=fp8 --gpu-memory-utilization=0.98 --random-range-ratio 0.8 --max-concurrency 320
tpu7x-2,Qwen/Qwen3-32B,128,1024,2,9216,random,1024,8192,10800000,320,NEW,0,'{"quantization": { "qwix": { "rules": [{ "module_path": ".*", "weight_qtype": "float8_e4m3fn", "act_qtype": "float8_e4m3fn"}]}}}',--kv-cache-dtype=fp8 --gpu-memory-utilization=0.98 --random-range-ratio 0.8 --max-concurrency 320
tpu7x-2,Qwen/Qwen3-32B,135,1024,2,9216,random,1024,8192,10800000,320,NEW,0,'{"quantization": { "qwix": { "rules": [{ "module_path": ".*", "weight_qtype": "float8_e4m3fn", "act_qtype": "float8_e4m3fn"}]}}}',--kv-cache-dtype=fp8 --gpu-memory-utilization=0.98 --random-range-ratio 0.8 --max-concurrency 320
tpu7x-2,Qwen/Qwen3-32B,192,1024,2,9216,random,1024,8192,10800000,320,NEW,0,'{"quantization": { "qwix": { "rules": [{ "module_path": ".*", "weight_qtype": "float8_e4m3fn", "act_qtype": "float8_e4m3fn"}]}}}',--kv-cache-dtype=fp8 --gpu-memory-utilization=0.98 --random-range-ratio 0.8 --max-concurrency 320
tpu7x-2,Qwen/Qwen3-32B,256,1024,2,9216,random,1024,8192,10800000,320,NEW,0,'{"quantization": { "qwix": { "rules": [{ "module_path": ".*", "weight_qtype": "float8_e4m3fn", "act_qtype": "float8_e4m3fn"}]}}}',--kv-cache-dtype=fp8 --gpu-memory-utilization=0.98 --random-range-ratio 0.8 --max-concurrency 320
tpu7x-2,Qwen/Qwen3-32B,64,2048,2,9216,random,1024,8192,10800000,320,NEW,0,'{"quantization": { "qwix": { "rules": [{ "module_path": ".*", "weight_qtype": "float8_e4m3fn", "act_qtype": "float8_e4m3fn"}]}}}',--kv-cache-dtype=fp8 --gpu-memory-utilization=0.98 --random-range-ratio 0.8 --max-concurrency 320
tpu7x-2,Qwen/Qwen3-32B,128,2048,2,9216,random,1024,8192,10800000,320,NEW,0,'{"quantization": { "qwix": { "rules": [{ "module_path": ".*", "weight_qtype": "float8_e4m3fn", "act_qtype": "float8_e4m3fn"}]}}}',--kv-cache-dtype=fp8 --gpu-memory-utilization=0.98 --random-range-ratio 0.8 --max-concurrency 320
tpu7x-2,Qwen/Qwen3-32B,135,2048,2,9216,random,1024,8192,10800000,320,NEW,0,'{"quantization": { "qwix": { "rules": [{ "module_path": ".*", "weight_qtype": "float8_e4m3fn", "act_qtype": "float8_e4m3fn"}]}}}',--kv-cache-dtype=fp8 --gpu-memory-utilization=0.98 --random-range-ratio 0.8 --max-concurrency 320
tpu7x-2,Qwen/Qwen3-32B,192,2048,2,9216,random,1024,8192,10800000,320,NEW,0,'{"quantization": { "qwix": { "rules": [{ "module_path": ".*", "weight_qtype": "float8_e4m3fn", "act_qtype": "float8_e4m3fn"}]}}}',--kv-cache-dtype=fp8 --gpu-memory-utilization=0.98 --random-range-ratio 0.8 --max-concurrency 320
tpu7x-2,Qwen/Qwen3-32B,256,2048,2,9216,random,1024,8192,10800000,320,NEW,0,'{"quantization": { "qwix": { "rules": [{ "module_path": ".*", "weight_qtype": "float8_e4m3fn", "act_qtype": "float8_e4m3fn"}]}}}',--kv-cache-dtype=fp8 --gpu-memory-utilization=0.98 --random-range-ratio 0.8 --max-concurrency 320
tpu7x-2,Qwen/Qwen3-32B,64,4096,2,9216,random,1024,8192,10800000,320,NEW,0,'{"quantization": { "qwix": { "rules": [{ "module_path": ".*", "weight_qtype": "float8_e4m3fn", "act_qtype": "float8_e4m3fn"}]}}}',--kv-cache-dtype=fp8 --gpu-memory-utilization=0.98 --random-range-ratio 0.8 --max-concurrency 320
tpu7x-2,Qwen/Qwen3-32B,128,4096,2,9216,random,1024,8192,10800000,320,NEW,0,'{"quantization": { "qwix": { "rules": [{ "module_path": ".*", "weight_qtype": "float8_e4m3fn", "act_qtype": "float8_e4m3fn"}]}}}',--kv-cache-dtype=fp8 --gpu-memory-utilization=0.98 --random-range-ratio 0.8 --max-concurrency 320
tpu7x-2,Qwen/Qwen3-32B,135,4096,2,9216,random,1024,8192,10800000,320,NEW,0,'{"quantization": { "qwix": { "rules": [{ "module_path": ".*", "weight_qtype": "float8_e4m3fn", "act_qtype": "float8_e4m3fn"}]}}}',--kv-cache-dtype=fp8 --gpu-memory-utilization=0.98 --random-range-ratio 0.8 --max-concurrency 320
tpu7x-2,Qwen/Qwen3-32B,192,4096,2,9216,random,1024,8192,10800000,320,NEW,0,'{"quantization": { "qwix": { "rules": [{ "module_path": ".*", "weight_qtype": "float8_e4m3fn", "act_qtype": "float8_e4m3fn"}]}}}',--kv-cache-dtype=fp8 --gpu-memory-utilization=0.98 --random-range-ratio 0.8 --max-concurrency 320
tpu7x-2,Qwen/Qwen3-32B,256,4096,2,9216,random,1024,8192,10800000,320,NEW,0,'{"quantization": { "qwix": { "rules": [{ "module_path": ".*", "weight_qtype": "float8_e4m3fn", "act_qtype": "float8_e4m3fn"}]}}}',--kv-cache-dtype=fp8 --gpu-memory-utilization=0.98 --random-range-ratio 0.8 --max-concurrency 320
tpu7x-2,Qwen/Qwen3-32B,64,8192,2,9216,random,1024,8192,10800000,320,NEW,0,'{"quantization": { "qwix": { "rules": [{ "module_path": ".*", "weight_qtype": "float8_e4m3fn", "act_qtype": "float8_e4m3fn"}]}}}',--kv-cache-dtype=fp8 --gpu-memory-utilization=0.98 --random-range-ratio 0.8 --max-concurrency 320
tpu7x-2,Qwen/Qwen3-32B,128,8192,2,9216,random,1024,8192,10800000,320,NEW,0,'{"quantization": { "qwix": { "rules": [{ "module_path": ".*", "weight_qtype": "float8_e4m3fn", "act_qtype": "float8_e4m3fn"}]}}}',--kv-cache-dtype=fp8 --gpu-memory-utilization=0.98 --random-range-ratio 0.8 --max-concurrency 320
tpu7x-2,Qwen/Qwen3-32B,135,8192,2,9216,random,1024,8192,10800000,320,NEW,0,'{"quantization": { "qwix": { "rules": [{ "module_path": ".*", "weight_qtype": "float8_e4m3fn", "act_qtype": "float8_e4m3fn"}]}}}',--kv-cache-dtype=fp8 --gpu-memory-utilization=0.98 --random-range-ratio 0.8 --max-concurrency 320
tpu7x-2,Qwen/Qwen3-32B,192,8192,2,9216,random,1024,8192,10800000,320,NEW,0,'{"quantization": { "qwix": { "rules": [{ "module_path": ".*", "weight_qtype": "float8_e4m3fn", "act_qtype": "float8_e4m3fn"}]}}}',--kv-cache-dtype=fp8 --gpu-memory-utilization=0.98 --random-range-ratio 0.8 --max-concurrency 320
tpu7x-2,Qwen/Qwen3-32B,256,8192,2,9216,random,1024,8192,10800000,320,NEW,0,'{"quantization": { "qwix": { "rules": [{ "module_path": ".*", "weight_qtype": "float8_e4m3fn", "act_qtype": "float8_e4m3fn"}]}}}',--kv-cache-dtype=fp8 --gpu-memory-utilization=0.98 --random-range-ratio 0.8 --max-concurrency 320
tpu7x-2,Qwen/Qwen3-32B,64,16384,2,9216,random,1024,8192,10800000,320,NEW,0,'{"quantization": { "qwix": { "rules": [{ "module_path": ".*", "weight_qtype": "float8_e4m3fn", "act_qtype": "float8_e4m3fn"}]}}}',--kv-cache-dtype=fp8 --gpu-memory-utilization=0.98 --random-range-ratio 0.8 --max-concurrency 320
tpu7x-2,Qwen/Qwen3-32B,128,16384,2,9216,random,1024,8192,10800000,320,NEW,0,'{"quantization": { "qwix": { "rules": [{ "module_path": ".*", "weight_qtype": "float8_e4m3fn", "act_qtype": "float8_e4m3fn"}]}}}',--kv-cache-dtype=fp8 --gpu-memory-utilization=0.98 --random-range-ratio 0.8 --max-concurrency 320
tpu7x-2,Qwen/Qwen3-32B,135,16384,2,9216,random,1024,8192,10800000,320,NEW,0,'{"quantization": { "qwix": { "rules": [{ "module_path": ".*", "weight_qtype": "float8_e4m3fn", "act_qtype": "float8_e4m3fn"}]}}}',--kv-cache-dtype=fp8 --gpu-memory-utilization=0.98 --random-range-ratio 0.8 --max-concurrency 320
tpu7x-2,Qwen/Qwen3-32B,192,16384,2,9216,random,1024,8192,10800000,320,NEW,0,'{"quantization": { "qwix": { "rules": [{ "module_path": ".*", "weight_qtype": "float8_e4m3fn", "act_qtype": "float8_e4m3fn"}]}}}',--kv-cache-dtype=fp8 --gpu-memory-utilization=0.98 --random-range-ratio 0.8 --max-concurrency 320
tpu7x-2,Qwen/Qwen3-32B,256,16384,2,9216,random,1024,8192,10800000,320,NEW,0,'{"quantization": { "qwix": { "rules": [{ "module_path": ".*", "weight_qtype": "float8_e4m3fn", "act_qtype": "float8_e4m3fn"}]}}}',--kv-cache-dtype=fp8 --gpu-memory-utilization=0.98 --random-range-ratio 0.8 --max-concurrency 320
tpu7x-2,Qwen/Qwen3-32B,64,512,2,9216,random,8192,1024,10800000,320,NEW,0,'{"quantization": { "qwix": { "rules": [{ "module_path": ".*", "weight_qtype": "float8_e4m3fn", "act_qtype": "float8_e4m3fn"}]}}}',--kv-cache-dtype=fp8 --gpu-memory-utilization=0.98 --random-range-ratio 0.8 --max-concurrency 320
tpu7x-2,Qwen/Qwen3-32B,128,512,2,9216,random,8192,1024,10800000,320,NEW,0,'{"quantization": { "qwix": { "rules": [{ "module_path": ".*", "weight_qtype": "float8_e4m3fn", "act_qtype": "float8_e4m3fn"}]}}}',--kv-cache-dtype=fp8 --gpu-memory-utilization=0.98 --random-range-ratio 0.8 --max-concurrency 320
tpu7x-2,Qwen/Qwen3-32B,135,512,2,9216,random,8192,1024,10800000,320,NEW,0,'{"quantization": { "qwix": { "rules": [{ "module_path": ".*", "weight_qtype": "float8_e4m3fn", "act_qtype": "float8_e4m3fn"}]}}}',--kv-cache-dtype=fp8 --gpu-memory-utilization=0.98 --random-range-ratio 0.8 --max-concurrency 320
tpu7x-2,Qwen/Qwen3-32B,192,512,2,9216,random,8192,1024,10800000,320,NEW,0,'{"quantization": { "qwix": { "rules": [{ "module_path": ".*", "weight_qtype": "float8_e4m3fn", "act_qtype": "float8_e4m3fn"}]}}}',--kv-cache-dtype=fp8 --gpu-memory-utilization=0.98 --random-range-ratio 0.8 --max-concurrency 320
tpu7x-2,Qwen/Qwen3-32B,256,512,2,9216,random,8192,1024,10800000,320,NEW,0,'{"quantization": { "qwix": { "rules": [{ "module_path": ".*", "weight_qtype": "float8_e4m3fn", "act_qtype": "float8_e4m3fn"}]}}}',--kv-cache-dtype=fp8 --gpu-memory-utilization=0.98 --random-range-ratio 0.8 --max-concurrency 320
tpu7x-2,Qwen/Qwen3-32B,64,1024,2,9216,random,8192,1024,10800000,320,NEW,0,'{"quantization": { "qwix": { "rules": [{ "module_path": ".*", "weight_qtype": "float8_e4m3fn", "act_qtype": "float8_e4m3fn"}]}}}',--kv-cache-dtype=fp8 --gpu-memory-utilization=0.98 --random-range-ratio 0.8 --max-concurrency 320
tpu7x-2,Qwen/Qwen3-32B,128,1024,2,9216,random,8192,1024,10800000,320,NEW,0,'{"quantization": { "qwix": { "rules": [{ "module_path": ".*", "weight_qtype": "float8_e4m3fn", "act_qtype": "float8_e4m3fn"}]}}}',--kv-cache-dtype=fp8 --gpu-memory-utilization=0.98 --random-range-ratio 0.8 --max-concurrency 320
tpu7x-2,Qwen/Qwen3-32B,135,1024,2,9216,random,8192,1024,10800000,320,NEW,0,'{"quantization": { "qwix": { "rules": [{ "module_path": ".*", "weight_qtype": "float8_e4m3fn", "act_qtype": "float8_e4m3fn"}]}}}',--kv-cache-dtype=fp8 --gpu-memory-utilization=0.98 --random-range-ratio 0.8 --max-concurrency 320
tpu7x-2,Qwen/Qwen3-32B,192,1024,2,9216,random,8192,1024,10800000,320,NEW,0,'{"quantization": { "qwix": { "rules": [{ "module_path": ".*", "weight_qtype": "float8_e4m3fn", "act_qtype": "float8_e4m3fn"}]}}}',--kv-cache-dtype=fp8 --gpu-memory-utilization=0.98 --random-range-ratio 0.8 --max-concurrency 320
tpu7x-2,Qwen/Qwen3-32B,256,1024,2,9216,random,8192,1024,10800000,320,NEW,0,'{"quantization": { "qwix": { "rules": [{ "module_path": ".*", "weight_qtype": "float8_e4m3fn", "act_qtype": "float8_e4m3fn"}]}}}',--kv-cache-dtype=fp8 --gpu-memory-utilization=0.98 --random-range-ratio 0.8 --max-concurrency 320
tpu7x-2,Qwen/Qwen3-32B,64,2048,2,9216,random,8192,1024,10800000,320,NEW,0,'{"quantization": { "qwix": { "rules": [{ "module_path": ".*", "weight_qtype": "float8_e4m3fn", "act_qtype": "float8_e4m3fn"}]}}}',--kv-cache-dtype=fp8 --gpu-memory-utilization=0.98 --random-range-ratio 0.8 --max-concurrency 320
tpu7x-2,Qwen/Qwen3-32B,128,2048,2,9216,random,8192,1024,10800000,320,NEW,0,'{"quantization": { "qwix": { "rules": [{ "module_path": ".*", "weight_qtype": "float8_e4m3fn", "act_qtype": "float8_e4m3fn"}]}}}',--kv-cache-dtype=fp8 --gpu-memory-utilization=0.98 --random-range-ratio 0.8 --max-concurrency 320
tpu7x-2,Qwen/Qwen3-32B,135,2048,2,9216,random,8192,1024,10800000,320,NEW,0,'{"quantization": { "qwix": { "rules": [{ "module_path": ".*", "weight_qtype": "float8_e4m3fn", "act_qtype": "float8_e4m3fn"}]}}}',--kv-cache-dtype=fp8 --gpu-memory-utilization=0.98 --random-range-ratio 0.8 --max-concurrency 320
tpu7x-2,Qwen/Qwen3-32B,192,2048,2,9216,random,8192,1024,10800000,320,NEW,0,'{"quantization": { "qwix": { "rules": [{ "module_path": ".*", "weight_qtype": "float8_e4m3fn", "act_qtype": "float8_e4m3fn"}]}}}',--kv-cache-dtype=fp8 --gpu-memory-utilization=0.98 --random-range-ratio 0.8 --max-concurrency 320
tpu7x-2,Qwen/Qwen3-32B,256,2048,2,9216,random,8192,1024,10800000,320,NEW,0,'{"quantization": { "qwix": { "rules": [{ "module_path": ".*", "weight_qtype": "float8_e4m3fn", "act_qtype": "float8_e4m3fn"}]}}}',--kv-cache-dtype=fp8 --gpu-memory-utilization=0.98 --random-range-ratio 0.8 --max-concurrency 320
tpu7x-2,Qwen/Qwen3-32B,64,4096,2,9216,random,8192,1024,10800000,320,NEW,0,'{"quantization": { "qwix": { "rules": [{ "module_path": ".*", "weight_qtype": "float8_e4m3fn", "act_qtype": "float8_e4m3fn"}]}}}',--kv-cache-dtype=fp8 --gpu-memory-utilization=0.98 --random-range-ratio 0.8 --max-concurrency 320
tpu7x-2,Qwen/Qwen3-32B,128,4096,2,9216,random,8192,1024,10800000,320,NEW,0,'{"quantization": { "qwix": { "rules": [{ "module_path": ".*", "weight_qtype": "float8_e4m3fn", "act_qtype": "float8_e4m3fn"}]}}}',--kv-cache-dtype=fp8 --gpu-memory-utilization=0.98 --random-range-ratio 0.8 --max-concurrency 320
tpu7x-2,Qwen/Qwen3-32B,135,4096,2,9216,random,8192,1024,10800000,320,NEW,0,'{"quantization": { "qwix": { "rules": [{ "module_path": ".*", "weight_qtype": "float8_e4m3fn", "act_qtype": "float8_e4m3fn"}]}}}',--kv-cache-dtype=fp8 --gpu-memory-utilization=0.98 --random-range-ratio 0.8 --max-concurrency 320
tpu7x-2,Qwen/Qwen3-32B,192,4096,2,9216,random,8192,1024,10800000,320,NEW,0,'{"quantization": { "qwix": { "rules": [{ "module_path": ".*", "weight_qtype": "float8_e4m3fn", "act_qtype": "float8_e4m3fn"}]}}}',--kv-cache-dtype=fp8 --gpu-memory-utilization=0.98 --random-range-ratio 0.8 --max-concurrency 320
tpu7x-2,Qwen/Qwen3-32B,256,4096,2,9216,random,8192,1024,10800000,320,NEW,0,'{"quantization": { "qwix": { "rules": [{ "module_path": ".*", "weight_qtype": "float8_e4m3fn", "act_qtype": "float8_e4m3fn"}]}}}',--kv-cache-dtype=fp8 --gpu-memory-utilization=0.98 --random-range-ratio 0.8 --max-concurrency 320
tpu7x-2,Qwen/Qwen3-32B,64,8192,2,9216,random,8192,1024,10800000,320,NEW,0,'{"quantization": { "qwix": { "rules": [{ "module_path": ".*", "weight_qtype": "float8_e4m3fn", "act_qtype": "float8_e4m3fn"}]}}}',--kv-cache-dtype=fp8 --gpu-memory-utilization=0.98 --random-range-ratio 0.8 --max-concurrency 320
tpu7x-2,Qwen/Qwen3-32B,128,8192,2,9216,random,8192,1024,10800000,320,NEW,0,'{"quantization": { "qwix": { "rules": [{ "module_path": ".*", "weight_qtype": "float8_e4m3fn", "act_qtype": "float8_e4m3fn"}]}}}',--kv-cache-dtype=fp8 --gpu-memory-utilization=0.98 --random-range-ratio 0.8 --max-concurrency 320
tpu7x-2,Qwen/Qwen3-32B,135,8192,2,9216,random,8192,1024,10800000,320,NEW,0,'{"quantization": { "qwix": { "rules": [{ "module_path": ".*", "weight_qtype": "float8_e4m3fn", "act_qtype": "float8_e4m3fn"}]}}}',--kv-cache-dtype=fp8 --gpu-memory-utilization=0.98 --random-range-ratio 0.8 --max-concurrency 320
tpu7x-2,Qwen/Qwen3-32B,192,8192,2,9216,random,8192,1024,10800000,320,NEW,0,'{"quantization": { "qwix": { "rules": [{ "module_path": ".*", "weight_qtype": "float8_e4m3fn", "act_qtype": "float8_e4m3fn"}]}}}',--kv-cache-dtype=fp8 --gpu-memory-utilization=0.98 --random-range-ratio 0.8 --max-concurrency 320
tpu7x-2,Qwen/Qwen3-32B,256,8192,2,9216,random,8192,1024,10800000,320,NEW,0,'{"quantization": { "qwix": { "rules": [{ "module_path": ".*", "weight_qtype": "float8_e4m3fn", "act_qtype": "float8_e4m3fn"}]}}}',--kv-cache-dtype=fp8 --gpu-memory-utilization=0.98 --random-range-ratio 0.8 --max-concurrency 320
tpu7x-2,Qwen/Qwen3-32B,64,16384,2,9216,random,8192,1024,10800000,320,NEW,0,'{"quantization": { "qwix": { "rules": [{ "module_path": ".*", "weight_qtype": "float8_e4m3fn", "act_qtype": "float8_e4m3fn"}]}}}',--kv-cache-dtype=fp8 --gpu-memory-utilization=0.98 --random-range-ratio 0.8 --max-concurrency 320
tpu7x-2,Qwen/Qwen3-32B,128,16384,2,9216,random,8192,1024,10800000,320,NEW,0,'{"quantization": { "qwix": { "rules": [{ "module_path": ".*", "weight_qtype": "float8_e4m3fn", "act_qtype": "float8_e4m3fn"}]}}}',--kv-cache-dtype=fp8 --gpu-memory-utilization=0.98 --random-range-ratio 0.8 --max-concurrency 320
tpu7x-2,Qwen/Qwen3-32B,135,16384,2,9216,random,8192,1024,10800000,320,NEW,0,'{"quantization": { "qwix": { "rules": [{ "module_path": ".*", "weight_qtype": "float8_e4m3fn", "act_qtype": "float8_e4m3fn"}]}}}',--kv-cache-dtype=fp8 --gpu-memory-utilization=0.98 --random-range-ratio 0.8 --max-concurrency 320
tpu7x-2,Qwen/Qwen3-32B,192,16384,2,9216,random,8192,1024,10800000,320,NEW,0,'{"quantization": { "qwix": { "rules": [{ "module_path": ".*", "weight_qtype": "float8_e4m3fn", "act_qtype": "float8_e4m3fn"}]}}}',--kv-cache-dtype=fp8 --gpu-memory-utilization=0.98 --random-range-ratio 0.8 --max-concurrency 320
tpu7x-2,Qwen/Qwen3-32B,256,16384,2,9216,random,8192,1024,10800000,320,NEW,0,'{"quantization": { "qwix": { "rules": [{ "module_path": ".*", "weight_qtype": "float8_e4m3fn", "act_qtype": "float8_e4m3fn"}]}}}',--kv-cache-dtype=fp8 --gpu-memory-utilization=0.98 --random-range-ratio 0.8 --max-concurrency 320
